{
    "loss": 7.700218200683594,
    "accuracy": 0.5179855823516846
}